LC_null_raster,LC_forest_areas_k10,LC_forest_areas_k100,LC_forest_areas_k1000,LC_forest_motorways_k10,LC_forest_motorways_k100,LC_forest_motorways_k1000,LC_barriers_k10,LC_barriers_k100,LC_barriers_k1000
92.9157388084908,8.44688534622643,0.919957809985056,0.0928229158925975,8.44688534622643,0.919957809985056,0.0928229158925975,92.9157388084908,92.9157388084908,92.9157388084908
96.0437628034972,8.73125116395429,0.950928344589078,0.0959478149885062,8.73125116395429,0.950928344589078,0.0959478149885062,96.0437628034972,96.0437628034972,96.0437628034972
72.4051351746252,6.58228501587502,0.716882526481438,0.0723328023722547,6.58228501587502,0.716882526481438,0.0723328023722547,72.4051351746252,72.4051351746252,72.4051351746252
72.6456486920836,6.6041498810985,0.71926384843647,0.0725730756164682,6.6041498810985,0.71926384843647,0.0725730756164682,72.6456486920836,72.6456486920836,72.6456486920836
29.6835946222272,4.48225961777604,0.492283093216788,0.0497206605710161,4.48225961777604,0.492283093216788,0.0497206605710161,29.6835946222272,29.6835946222272,29.6835946222272
33.6835946222288,5.62666106325541,0.618978976483651,0.0625290308190665,5.62666106325541,0.618978976483651,0.0625290308190665,33.6835946222288,33.6835946222288,33.6835946222288
81.097099128071,7.37246355709753,0.802941575525473,0.0810160830450304,7.37246355709753,0.802941575525473,0.0810160830450304,81.097099128071,81.097099128071,81.097099128071
98.1646216571783,8.92405651428909,0.971926947100792,0.0980665551020812,8.92405651428909,0.971926947100792,0.0980665551020812,98.1646216571783,98.1646216571783,98.1646216571783
105.953684738653,9.63215315805941,1.04904638355102,0.105847836901755,9.63215315805941,1.04904638355102,0.105847836901755,105.953684738653,105.953684738653,105.953684738653
5.82700901164328,0.529728091967571,0.0576931585311216,0.00582118782381968,0.529728091967571,0.0576931585311216,0.00582118782381968,5.82700901164328,5.82700901164328,5.82700901164328
2.00000000000117,0.181818181818288,0.0198019801980314,0.00199800199800326,0.181818181818288,0.0198019801980314,0.00199800199800326,2.00000000000117,2.00000000000117,2.00000000000117
3.82700901164245,0.347909910149314,0.0378911783330935,0.00382318582581664,0.347909910149314,0.0378911783330935,0.00382318582581664,3.82700901164245,3.82700901164245,3.82700901164245
5.82700901164328,0.529728091967571,0.0576931585311216,0.00582118782381968,0.529728091967571,0.0576931585311216,0.00582118782381968,5.82700901164328,5.82700901164328,5.82700901164328
103.405135174638,9.40046683405812,1.02381321955088,0.103301833341301,9.40046683405812,1.02381321955088,0.103301833341301,103.405135174638,103.405135174638,103.405135174638
107.156252325954,10.0207509388068,1.09282348167404,0.110282483336065,10.0207509388068,1.09282348167404,0.110282483336065,107.156252325954,107.156252325954,107.156252325954
91.0887297968492,8.28079361789537,0.90186861184999,0.0909977320647839,8.28079361789537,0.90186861184999,0.0909977320647839,91.0887297968492,91.0887297968492,91.0887297968492
96.8727778331938,8.80661616665397,0.959136414190034,0.0967760018313597,8.80661616665397,0.959136414190034,0.0967760018313597,96.8727778331938,96.8727778331938,96.8727778331938
87.3967658434132,7.94516053121938,0.865314513301118,0.0873094563870238,7.94516053121938,0.865314513301118,0.0873094563870238,87.3967658434132,87.3967658434132,87.3967658434132
75.6077027619259,6.87342752381144,0.748591116454711,0.0755321705913337,6.87342752381144,0.748591116454711,0.0755321705913337,75.6077027619259,75.6077027619259,75.6077027619259
56.8270090116678,6.4421304954394,0.7057343769227,0.0712577031827015,6.4421304954394,0.7057343769227,0.0712577031827015,56.8270090116678,56.8270090116678,56.8270090116678
58.4135045058452,6.84380630807351,0.751539349681654,0.0759042532895937,6.84380630807351,0.751539349681654,0.0759042532895937,58.4135045058452,58.4135045058452,58.4135045058452
31.789063081493,4.53512925968698,0.495983070952831,0.0500691154591235,4.53512925968698,0.495983070952831,0.0500691154591235,31.789063081493,31.789063081493,31.789063081493
135.329243314329,12.3026584831208,1.33989349816167,0.135194049265067,12.3026584831208,1.33989349816167,0.135194049265067,135.329243314329,135.329243314329,135.329243314329
56.6540180233087,6.1482600356918,0.675786785362854,0.0682608876590258,6.1482600356918,0.675786785362854,0.0682608876590258,56.6540180233087,56.6540180233087,56.6540180233087
119.481027034972,13.4659546812771,1.47070532785552,0.148442584345756,13.4659546812771,1.47070532785552,0.148442584345756,119.481027034972,119.481027034972,119.481027034972
54.0591531979019,4.91446847253654,0.535239140573285,0.0540051480498511,4.91446847253654,0.535239140573285,0.0540051480498511,54.0591531979019,54.0591531979019,54.0591531979019
119.413504505874,12.9055943260856,1.4096759822406,0.142284778244749,12.9055943260856,1.4096759822406,0.142284778244749,119.413504505874,119.413504505874,119.413504505874
116.000000000055,12.883364730306,1.40725493715569,0.142040496972446,12.883364730306,1.40725493715569,0.142040496972446,116.000000000055,116.000000000055,116.000000000055
32.9620540698523,2.99655036998657,0.326356970988636,0.0329291249449084,2.99655036998657,0.326356970988636,0.0329291249449084,32.9620540698523,32.9620540698523,32.9620540698523
126.924108139734,11.5385552854305,1.25667433801719,0.126797310828912,11.5385552854305,1.25667433801719,0.126797310828912,126.924108139734,126.924108139734,126.924108139734
126.924108139734,11.5385552854305,1.25667433801719,0.126797310828912,11.5385552854305,1.25667433801719,0.126797310828912,126.924108139734,126.924108139734,126.924108139734
57.2405135174849,6.40453917672875,0.701640272904708,0.0708446117682988,6.40453917672875,0.701640272904708,0.0708446117682988,57.2405135174849,57.2405135174849,57.2405135174849
123.827009011699,13.3287780562954,1.45576529939216,0.146935148906395,13.3287780562954,1.45576529939216,0.146935148906395,123.827009011699,123.827009011699,123.827009011699
122.827009011699,13.2910955549456,1.45166126459169,0.146521055484969,13.2910955549456,1.45166126459169,0.146521055484969,122.827009011699,122.827009011699,122.827009011699
24.4135045058277,2.44495741279496,0.266282490502422,0.0268676638768686,2.44495741279496,0.266282490502422,0.0268676638768686,24.4135045058277,24.4135045058277,24.4135045058277
130.578126163011,11.870738742092,1.29285273428725,0.130447678484533,11.870738742092,1.29285273428725,0.130447678484533,130.578126163011,130.578126163011,130.578126163011
137.751117151373,12.5228288319432,1.36387244704332,0.137613503647733,12.5228288319432,1.36387244704332,0.137613503647733,137.751117151373,137.751117151373,137.751117151373
133.848216279405,12.1680196617642,1.32522986415254,0.133714501777633,12.1680196617642,1.32522986415254,0.133714501777633,133.848216279405,133.848216279405,133.848216279405
130.848216279403,11.8952923890367,1.29552689385548,0.130717498780627,11.8952923890367,1.29552689385548,0.130717498780627,130.848216279403,130.848216279403,130.848216279403
134.848216279405,12.2589287526733,1.33513085425155,0.134713502776634,12.2589287526733,1.33513085425155,0.134713502776634,134.848216279405,134.848216279405,134.848216279405
118.067522529154,13.3374542716575,1.45671023373853,0.147030491932353,13.3374542716575,1.45671023373853,0.147030491932353,118.067522529154,118.067522529154,118.067522529154
128.270090116453,11.9616478330017,1.30275372438633,0.13144667948354,11.9616478330017,1.30275372438633,0.13144667948354,128.270090116453,128.270090116453,128.270090116453
137.751117151373,12.5228288319432,1.36387244704332,0.137613503647733,12.5228288319432,1.36387244704332,0.137613503647733,137.751117151373,137.751117151373,137.751117151373
33.2700901164113,3.02455364694648,0.329406832835755,0.0332368532631477,3.02455364694648,0.329406832835755,0.0332368532631477,33.2700901164113,33.2700901164113,33.2700901164113
21.8270090116503,2.05945618393496,0.224297208151333,0.022631386636649,2.05945618393496,0.224297208151333,0.022631386636649,21.8270090116503,21.8270090116503,21.8270090116503
125.135045058255,12.4284701110199,1.35359575466554,0.136576594626597,12.4284701110199,1.35359575466554,0.136576594626597,125.135045058255,125.135045058255,125.135045058255
148.839846948193,13.5308951771084,1.4736618509722,0.148691155792401,13.5308951771084,1.4736618509722,0.148691155792401,148.839846948193,148.839846948193,148.839846948193
52.1646216571595,4.74223833246904,0.516481402546133,0.0521125091480117,4.74223833246904,0.516481402546133,0.0521125091480117,52.1646216571595,52.1646216571595,52.1646216571595
141.291297384166,12.8446633985606,1.3989237364769,0.141150147236931,12.8446633985606,1.3989237364769,0.141150147236931,141.291297384166,141.291297384166,141.291297384166
135.962054069901,13.2623783826892,1.44441744761961,0.145740421787798,13.2623783826892,1.44441744761961,0.145740421787798,135.962054069901,135.962054069901,135.962054069901
131.548549564076,12.936333337764,1.40890759124162,0.142157509206203,12.936333337764,1.40890759124162,0.142157509206203,131.548549564076,131.548549564076,131.548549564076
131.413504505879,13.6758828885097,1.48945259181789,0.150284427346264,13.6758828885097,1.48945259181789,0.150284427346264,131.413504505879,131.413504505879,131.413504505879
128.962054069899,12.6260147463254,1.37511051692653,0.138747414794789,12.6260147463254,1.37511051692653,0.138747414794789,128.962054069899,128.962054069899,128.962054069899
127.962054069897,12.5351056554162,1.36520952682751,0.137748413795787,12.5351056554162,1.36520952682751,0.137748413795787,127.962054069897,127.962054069897,127.962054069897
137.886162209569,12.5351056554157,1.36520952682746,0.137748413795781,12.5351056554157,1.36520952682746,0.137748413795781,137.886162209569,137.886162209569,137.886162209569
175.953684738685,15.9957895216989,1.74211569048205,0.175777906831862,15.9957895216989,1.74211569048205,0.175777906831862,175.953684738685,175.953684738685,175.953684738685
174.232144186312,15.8392858351195,1.72507073451796,0.174058086100221,15.8392858351195,1.72507073451796,0.174058086100221,174.232144186312,174.232144186312,174.232144186312
147.953684738672,13.450334976243,1.46488796770964,0.147805878859819,13.450334976243,1.46488796770964,0.147805878859819,147.953684738672,147.953684738672,147.953684738672
28.240513517471,2.56731941067918,0.279609044727435,0.0282123012162561,2.56731941067918,0.279609044727435,0.0282123012162561,28.240513517471,28.240513517471,28.240513517471
112.012837936539,10.1829852669581,1.10903799937167,0.111900936999536,10.1829852669581,1.10903799937167,0.111900936999536,112.012837936539,112.012837936539,112.012837936539
160.818639680481,14.6198763345894,1.59226375921271,0.160657981698791,14.6198763345894,1.59226375921271,0.160657981698791,160.818639680481,160.818639680481,160.818639680481
150.772324419093,13.7065749471903,1.49279529127815,0.150621702716378,13.7065749471903,1.49279529127815,0.150621702716378,150.772324419093,150.772324419093,150.772324419093
148.772324419093,13.5247567653721,1.47299331108013,0.148623700718376,13.5247567653721,1.47299331108013,0.148623700718376,148.772324419093,148.772324419093,148.772324419093
149.772324419093,13.6156658562812,1.48289430117914,0.149622701717377,13.6156658562812,1.48289430117914,0.149622701717377,149.772324419093,149.772324419093,149.772324419093
180.194198256151,16.3812907505594,1.7841009728332,0.180014184072088,16.3812907505594,1.7841009728332,0.180014184072088,180.194198256151,180.194198256151,180.194198256151
160.818639680481,14.6198763345894,1.59226375921271,0.160657981698791,14.6198763345894,1.59226375921271,0.160657981698791,160.818639680481,160.818639680481,160.818639680481
163.818639680484,14.8926036073169,1.62196672950976,0.163654984695796,14.8926036073169,1.62196672950976,0.163654984695796,163.818639680484,163.818639680484,163.818639680484
175.991630668855,16.0744217891369,1.75067960079709,0.17664199768283,16.0744217891369,1.75067960079709,0.17664199768283,175.991630668855,175.991630668855,175.991630668855
109.83984694818,9.98544063165268,1.08752323711069,0.109730116831345,9.98544063165268,1.08752323711069,0.109730116831345,109.83984694818,109.83984694818,109.83984694818
110.253351453997,10.0762585399227,1.09741429642722,0.110728115823322,10.0762585399227,1.09741429642722,0.110728115823322,110.253351453997,110.253351453997,110.253351453997
109.83984694818,9.98544063165268,1.08752323711069,0.109730116831345,9.98544063165268,1.08752323711069,0.109730116831345,109.83984694818,109.83984694818,109.83984694818
181.856585610662,17.0586953356495,1.85787770982321,0.18745819050165,17.0586953356495,1.85787770982321,0.18745819050165,181.856585610662,181.856585610662,181.856585610662
176.059153197953,16.0053775634505,1.74315993265302,0.175883269928034,16.0053775634505,1.74315993265302,0.175883269928034,176.059153197953,176.059153197953,176.059153197953
181.856585610662,17.0586953356495,1.85787770982321,0.18745819050165,17.0586953356495,1.85787770982321,0.18745819050165,181.856585610662,181.856585610662,181.856585610662
55.8945315407645,5.4897102118668,0.601403361027173,0.0607235221850599,5.4897102118668,0.601403361027173,0.0607235221850599,55.8945315407645,55.8945315407645,55.8945315407645
185.396765843449,16.8542514403137,1.83561154300446,0.185211554289167,16.8542514403137,1.83561154300446,0.185211554289167,185.396765843449,185.396765843449,185.396765843449
196.15625232599,17.9081441508478,1.95184796517679,0.196957299018997,17.9081441508478,1.95184796517679,0.196957299018997,196.15625232599,196.15625232599,196.15625232599
186.194198256155,16.9267452960143,1.84350691342729,0.186008190066098,16.9267452960143,1.84350691342729,0.186008190066098,186.194198256155,186.194198256155,186.194198256155
20.9620540698481,1.9056412790771,0.207545089800476,0.0209411129568911,1.9056412790771,0.207545089800476,0.0209411129568911,20.9620540698481,20.9620540698481,20.9620540698481
156.848216279415,14.2589287526743,1.55295263642987,0.156691524754667,14.2589287526743,1.55295263642987,0.156691524754667,156.848216279415,156.848216279415,156.848216279415
183.029576599022,17.3156961548897,1.88586789805729,0.190282375328466,17.3156961548897,1.88586789805729,0.190282375328466,183.029576599022,183.029576599022,183.029576599022
203.818639680502,18.5289672436822,2.01800633347034,0.203615024655857,18.5289672436822,2.01800633347034,0.203615024655857,203.818639680502,203.818639680502,203.818639680502
188.742747820169,17.1584316200155,1.86874007742743,0.188554193626551,17.1584316200155,1.86874007742743,0.188554193626551,188.742747820169,188.742747820169,188.742747820169
188.569756831809,17.1427051665283,1.86702729536446,0.188381375456361,17.1427051665283,1.86702729536446,0.188381375456361,188.569756831809,188.569756831809,188.569756831809
188.569756831809,17.1427051665283,1.86702729536446,0.188381375456361,17.1427051665283,1.86702729536446,0.188381375456361,188.569756831809,188.569756831809,188.569756831809
187.84821627943,17.0771105708575,1.85988332949933,0.187660555723715,17.0771105708575,1.85988332949933,0.187660555723715,187.84821627943,187.84821627943,187.84821627943
186.261720785253,16.9328837077504,1.84417545331935,0.186075645140121,16.9328837077504,1.84417545331935,0.186075645140121,186.261720785253,186.261720785253,186.261720785253
185.810270349266,16.8918427590243,1.83970564702245,0.18562464570357,16.8918427590243,1.83970564702245,0.18562464570357,185.810270349266,185.810270349266,185.810270349266
185.810270349266,16.8918427590243,1.83970564702245,0.18562464570357,16.8918427590243,1.83970564702245,0.18562464570357,185.810270349266,185.810270349266,185.810270349266
184.742747820167,16.794795256379,1.82913611703137,0.184558189630544,16.794795256379,1.82913611703137,0.184558189630544,184.742747820167,184.742747820167,184.742747820167
128.320873983103,13.0219807983045,2.30988543852298,1.13128203330053,13.0219807983045,2.30988543852298,1.13128203330053,128.320873983103,128.320873983103,128.320873983103
65.0000000000303,7.12303198838101,0.78074445868913,0.0788364542871389,7.12303198838101,0.78074445868913,0.0788364542871389,65.0000000000303,65.0000000000303,65.0000000000303
138.46428837253,12.587662579321,1.37093354824288,0.138325962410122,12.587662579321,1.37093354824288,0.138325962410122,138.46428837253,138.46428837253,138.46428837253
31.9620540698523,5.01095212350607,1.43739716701859,1.04324875116912,5.01095212350607,1.43739716701859,1.04324875116912,31.9620540698523,31.9620540698523,31.9620540698523
159.599333430738,14.5090303118853,1.58019142010632,0.159439893537203,14.5090303118853,1.58019142010632,0.159439893537203,159.599333430738,159.599333430738,159.599333430738
152.915738808511,13.9014308007739,1.51401721592586,0.152762975832684,13.9014308007739,1.51401721592586,0.152762975832684,152.915738808511,152.915738808511,152.915738808511
109.785195123537,9.98047228395943,1.08698212993617,0.109675519603948,9.98047228395943,1.08698212993617,0.109675519603948,109.785195123537,109.785195123537,109.785195123537
51.0675225291224,5.33966625926108,0.587722116642674,0.0593752417641824,5.33966625926108,0.587722116642674,0.0593752417641824,51.0675225291224,51.0675225291224,51.0675225291224
148.291297384168,13.4810270349244,1.46823066716998,0.148143154229941,13.4810270349244,1.46823066716998,0.148143154229941,148.291297384168,148.291297384168,148.291297384168
50.1350450582203,7.95053303510991,2.65425216153814,2.06608806347796,7.95053303510991,2.65425216153814,2.06608806347796,50.1350450582203,50.1350450582203,50.1350450582203
198.578126163042,18.1277395613356,1.97430826905635,0.199205929245455,18.1277395613356,1.97430826905635,0.199205929245455,198.578126163042,198.578126163042,198.578126163042
197.164621657225,17.9992391517159,1.96031317493935,0.197793836832051,17.9992391517159,1.96031317493935,0.197793836832051,197.164621657225,197.164621657225,197.164621657225
197.578126163042,18.0368304704265,1.96440727895734,0.198206928246454,18.0368304704265,1.96440727895734,0.198206928246454,197.578126163042,197.578126163042,197.578126163042
197.164621657225,17.9992391517159,1.96031317493935,0.197793836832051,17.9992391517159,1.96031317493935,0.197793836832051,197.164621657225,197.164621657225,197.164621657225
197.578126163042,18.0368304704265,1.96440727895734,0.198206928246454,18.0368304704265,1.96440727895734,0.198206928246454,197.578126163042,197.578126163042,197.578126163042
187.616072093201,17.8078329281466,1.93946695257042,0.195690471737882,17.8078329281466,1.93946695257042,0.195690471737882,187.616072093201,187.616072093201,187.616072093201
150.25335145401,13.6593955867282,1.48765694508921,0.150103248205805,13.6593955867282,1.48765694508921,0.150103248205805,150.25335145401,150.25335145401,150.25335145401
193.240513517549,19.4036037460724,2.11532187640076,0.213458944979849,19.4036037460724,2.11532187640076,0.213458944979849,193.240513517549,193.240513517549,193.240513517549
57.3755585756807,5.29171744627401,0.577781690421223,0.0583152473203787,5.29171744627401,0.577781690421223,0.0583152473203787,57.3755585756807,57.3755585756807,57.3755585756807
209.135045058295,20.2151990222308,2.20165533905484,0.222145044200348,20.2151990222308,2.20165533905484,0.222145044200348,209.135045058295,209.135045058295,209.135045058295
57.4810270349419,5.70911971239634,0.62404528306872,0.0629656079819612,5.70911971239634,0.62404528306872,0.0629656079819612,57.4810270349419,57.4810270349419,57.4810270349419
213.886162209605,19.4441965645097,2.11768477435254,0.213672489719896,19.4441965645097,2.11768477435254,0.213672489719896,213.886162209605,213.886162209605,213.886162209605
215.472657703789,19.7393636407963,2.15128771160683,0.217080590117334,19.7393636407963,2.15128771160683,0.217080590117334,215.472657703789,215.472657703789,215.472657703789
215.886162209606,19.626014746328,2.13748675455057,0.215670491717899,19.626014746328,2.13748675455057,0.215670491717899,215.886162209606,215.886162209606,215.886162209606
63.6540180233111,6.94493393629978,0.764611351861542,0.0772480760953023,6.94493393629978,0.764611351861542,0.0772480760953023,63.6540180233111,63.6540180233111,63.6540180233111
184.827009011728,18.6068386628265,2.02648737911972,0.204470754536561,18.6068386628265,2.02648737911972,0.204470754536561,184.827009011728,184.827009011728,184.827009011728
39.3755585756714,3.57959623415195,0.389857015600707,0.0393362223533196,3.57959623415195,0.389857015600707,0.0393362223533196,39.3755585756714,39.3755585756714,39.3755585756714
61.8270090116701,6.72561561840944,0.740725198427941,0.0748379846899139,6.72561561840944,0.740725198427941,0.0748379846899139,61.8270090116701,61.8270090116701,61.8270090116701
185.434711773612,39.7399716236019,23.0271879876887,19.0896401112075,39.7399716236019,23.0271879876887,19.0896401112075,185.434711773612,185.434711773612,185.434711773612
62.7890630815068,8.98142328044325,1.87866066159784,1.08787861213207,8.98142328044325,1.87866066159784,1.08787861213207,62.7890630815068,62.7890630815068,62.7890630815068
173.358819913277,15.7598927193888,1.7164239595374,0.173185634279002,15.7598927193888,1.7164239595374,0.173185634279002,173.358819913277,173.358819913277,173.358819913277
187.434711773613,39.6332045364442,23.0149563545579,17.2624582813949,39.6332045364442,23.0149563545579,17.2624582813949,187.434711773613,187.434711773613,187.434711773613
206.721540552478,20.0709721591233,2.18594746287481,0.220560133616748,20.0709721591233,2.18594746287481,0.220560133616748,206.721540552478,206.721540552478,206.721540552478
214.734378488956,22.1656373300192,3.36046005790721,1.23740114021996,22.1656373300192,3.36046005790721,1.23740114021996,224.734378488956,314.734378488956,1214.73437848896
211.253351454031,21.9750753544737,3.29410258377783,1.23076059414313,21.9750753544737,3.29410258377783,1.23076059414313,221.253351454032,311.253351454032,1211.25335145403
210.308036046655,21.0736609408455,2.29515119157723,0.23157869165765,21.0736609408455,2.29515119157723,0.23157869165765,210.308036046655,210.308036046655,210.308036046655
169.72154055246,16.9527181293197,1.84984976787847,0.186690642157073,16.9527181293197,1.84984976787847,0.186690642157073,169.72154055246,169.72154055246,169.72154055246
186.240513517546,18.6601564350249,2.03229426520073,0.205056664121159,18.6601564350249,2.03229426520073,0.205056664121159,186.240513517546,186.240513517546,186.240513517546
150.375558575725,15.5819722978731,1.6991045899632,0.171462994999632,15.5819722978731,1.6991045899632,0.171462994999632,150.375558575725,150.375558575725,150.375558575725
150.029576599006,14.1653308800443,1.5427588087177,0.15566297670379,14.1653308800443,1.5427588087177,0.15566297670379,150.029576599006,150.029576599006,150.029576599006
161.683594622286,16.8459674293013,1.84028009568193,0.185749922728163,16.8459674293013,1.84028009568193,0.185749922728163,161.683594622286,161.683594622286,161.683594622286
30.0235585447808,2.72941441316189,0.297262955888918,0.0299935649798007,2.72941441316189,0.297262955888918,0.0299935649798007,30.0235585447808,30.0235585447808,30.0235585447808
168.493864971475,20.564724147798,7.28001441614363,5.81810446692241,20.564724147798,7.28001441614363,5.81810446692241,168.493864971475,168.493864971475,168.493864971475
168.493864971475,20.564724147798,7.28001441614363,5.81810446692241,20.564724147798,7.28001441614363,5.81810446692241,168.493864971475,168.493864971475,168.493864971475
186.666855959847,16.9697141781679,1.84818669267175,0.186480375584267,16.9697141781679,1.84818669267175,0.186480375584267,186.666855959847,186.666855959847,186.666855959847
43.3376126455146,3.93978296777405,0.429085273717965,0.043294318327187,3.93978296777405,0.429085273717965,0.043294318327187,43.3376126455146,43.3376126455146,43.3376126455146
186.924108139762,18.9489991896178,2.06666444289955,0.208559772630535,18.9489991896178,2.06666444289955,0.208559772630535,186.924108139762,186.924108139762,186.924108139762
159.388396512213,14.5969379030662,1.59182361627136,0.160638441210541,14.5969379030662,1.59182361627136,0.160638441210541,159.388396512213,159.388396512213,159.388396512213
25.1985555511991,3.86162243489998,0.424688944586722,0.042900471748202,3.86162243489998,0.424688944586722,0.042900471748202,25.1985555511991,25.1985555511991,25.1985555511991
187.493864971482,42.0998905770144,7.22377981864459,0.728972366949564,43.3164785191644,7.22377981864459,0.728972366949564,197.493864971488,287.493864971541,1187.49386497206
116.050783866699,10.550071260609,1.14901766204652,0.115934849017681,10.550071260609,1.14901766204652,0.115934849017681,116.050783866699,116.050783866699,116.050783866699
199.945315407469,21.5988296453215,3.32903354447509,1.23423750856815,21.5988296453215,3.32903354447509,1.23423750856815,211.10627028752,301.015999475209,1200.1132913521
134.739225121161,13.748191911127,2.41803697512535,1.14221929565176,13.748191911127,2.41803697512535,1.14221929565176,134.739225121161,134.739225121161,134.739225121161
95.9157388084916,29.298171423327,20.7184774144143,19.4825727836649,29.298171423327,20.7184774144143,19.4825727836649,95.9157388084916,95.9157388084916,95.9157388084916
202.101567733387,43.3022970671125,7.40667741967129,0.74742657044976,45.4817063662865,7.40667741967129,0.74742657044976,224.423477493487,404.242935868865,2202.43751962264
150.478651423146,19.2520275359536,6.58236217555313,5.15524207444042,19.2520275359536,6.58236217555313,5.15524207444042,150.478651423146,150.478651423146,150.478651423146
141.243152950825,18.6917583633999,6.52134276072055,5.14908527034642,18.6917583633999,6.52134276072055,5.14908527034642,141.243152950825,141.243152950825,141.243152950825
166.742747820159,37.8201887268569,13.4553642277308,6.74695305723825,37.8201887268569,13.4553642277308,6.74695305723825,166.742747820159,166.742747820159,166.742747820159
166.742747820159,37.8201887268569,13.4553642277308,6.74695305723825,37.8201887268569,13.4553642277308,6.74695305723825,166.742747820159,166.742747820159,166.742747820159
170.810270349259,39.1128346422122,9.85988868457172,3.16406051578284,39.1128346422122,9.85988868457172,3.16406051578284,170.810270349259,170.810270349259,170.810270349259
220.907369477317,23.811034384946,5.26943922019743,3.22634629122702,23.811034384946,5.26943922019743,3.22634629122702,230.907369477318,320.907369477318,1220.90736947732
139.721540552445,14.5063415301645,1.57989858249317,0.159410346485327,14.5063415301645,1.57989858249317,0.159410346485327,139.721540552445,139.721540552445,139.721540552445
145.069158953437,18.8356204959516,6.53701091377074,5.15066617290194,18.8356204959516,6.53701091377074,5.15066617290194,145.069158953437,145.069158953437,145.069158953437
144.484669477309,18.7071200863313,6.52301581965367,5.14925408048853,18.7071200863313,6.52301581965367,5.14925408048853,144.484669477309,144.484669477309,144.484669477309
168.02120726778,32.6756126990068,14.6634648347771,7.83412036499811,32.6756126990068,14.6634648347771,7.83412036499811,168.02120726778,168.02120726778,168.02120726778
178.270090116477,18.2380278541675,1.99068794917259,0.20091140696493,18.2380278541675,1.99068794917259,0.20091140696493,178.270090116477,178.270090116477,178.270090116477
176.510603633934,18.3438149123115,2.000753283985,0.201909395956839,18.3438149123115,2.000753283985,0.201909395956839,176.510603633934,176.510603633934,176.510603633934
67.4963930946211,9.66162788948143,1.94480163968144,1.09534723021277,9.66162788948143,1.94480163968144,1.09534723021277,67.4963930946211,67.4963930946211,67.4963930946211
176.223774855078,38.8369070041846,10.4123644089408,3.74531254020142,38.8369070041846,10.4123644089408,3.74531254020142,181.804252295079,226.759116888713,676.307762825055
97.594495231668,10.5221995410312,1.14889418414259,0.11595757869002,10.5221995410312,1.14889418414259,0.11595757869002,97.594495231668,97.594495231668,97.594495231668
181.215405523862,40.8524777995248,7.31869561561674,0.738549285525176,43.0318870986989,7.31869561561674,0.738549285525176,196.210390478715,288.241315345747,1188.24131534627
181.215405523862,40.8524777995248,7.31869561561674,0.738549285525176,43.0318870986989,7.31869561561674,0.738549285525176,196.210390478715,288.241315345747,1188.24131534627
153.964693503206,21.4170172897132,8.60060191789385,7.15530370494845,21.4170172897132,8.60060191789385,7.15530370494845,153.964693503206,153.964693503206,153.964693503206
143.730198039914,18.5631667711408,6.50733773582105,5.14767217592599,18.5631667711408,6.50733773582105,5.14767217592599,143.730198039914,143.730198039914,143.730198039914
182.455919041322,40.7397038433923,7.33097792767078,0.739788559768391,42.9191131425663,7.33097792767078,0.739788559768391,199.20738145163,291.238306318663,1191.23830631919
186.320873983123,41.8428897577742,7.23539359080657,0.730144186118755,43.4227493330053,7.23539359080657,0.730144186118755,196.320873983129,286.320873983182,1186.32087398371
187.080360465664,42.137481895725,7.22787392266258,0.729385458363966,43.2256606108945,7.22787392266258,0.729385458363966,197.08036046567,287.080360465723,1187.08036046625
22.4669849085409,2.19381635395438,0.241839629088141,0.0244365543242258,2.19381635395438,0.241839629088141,0.0244365543242258,22.4669849085409,22.4669849085409,22.4669849085409
210.417973111172,43.1313434839894,7.15238440360968,0.721768633764222,45.3107527831633,7.15238440360968,0.721768633764222,231.578927991232,411.488657178974,2210.58594905639
123.44308110481,16.6993425993447,3.60736336838501,2.16047738420983,16.6993425993447,3.60736336838501,2.16047738420983,123.44308110481,123.44308110481,123.44308110481
96.0319035412866,9.62181256202746,1.04997828209882,0.105966734166161,9.62181256202746,1.04997828209882,0.105966734166161,96.0319035412866,96.0319035412866,96.0319035412866
182.675225291068,41.6231000047473,22.6362127019156,15.831370649298,41.6231000047473,22.6362127019156,15.831370649298,182.675225291068,182.675225291068,182.675225291068
39.7481081242518,3.61346437493198,0.39354562499259,0.0397083997245262,3.61346437493198,0.39354562499259,0.0397083997245262,39.7481081242518,39.7481081242518,39.7481081242518
98.8707718151389,22.5160230360899,12.2498072061903,10.8142718526788,22.5160230360899,12.2498072061903,10.8142718526788,98.8707718151389,98.8707718151389,98.8707718151389
101.62323723448,22.917293758046,12.2437865162048,10.8136819470662,22.917293758046,12.2437865162048,10.8136819470662,101.62323723448,101.62323723448,101.62323723448
189.894531540829,20.7945460062873,2.26766459124969,0.22884050687965,20.7945460062873,2.26766459124969,0.22884050687965,189.894531540829,189.894531540829,189.894531540829
85.3947598253509,20.2439496076428,11.7105139660715,10.7571595059704,20.2439496076428,11.7105139660715,10.7571595059704,85.3947598253509,85.3947598253509,85.3947598253509
220.966522675194,44.0903025352638,7.13801360721378,0.72031863332867,46.2697118344377,7.13801360721378,0.72031863332867,248.577924982195,349.555353544655,1248.65264541734
201.83984694821,43.7048013064037,7.0817403931324,0.714640716623157,44.4829349780514,7.0817403931324,0.714640716623157,219.441219164893,309.350948352161,1208.44824022484
213.253351454032,44.6672099876936,6.96873539802525,0.703238614219737,45.4453436593413,6.96873539802525,0.703238614219737,224.999798819187,314.909528006456,1214.00681987914
213.253351454032,44.6672099876936,6.96873539802525,0.703238614219737,45.4453436593413,6.96873539802525,0.703238614219737,224.999798819187,314.909528006456,1214.00681987914
92.0895643929713,18.7663258155149,7.97846079388651,6.78682591032561,18.7663258155149,7.97846079388651,6.78682591032561,92.0895643929713,92.0895643929713,92.0895643929713
206.839846948212,44.1593467609494,7.03223544263733,0.70964571162815,44.9374804325971,7.03223544263733,0.70964571162815,221.513756739128,311.423485926396,1210.52077779908
214.253351454032,44.7581190786027,6.95883440792624,0.702239613220736,45.5362527502504,6.95883440792624,0.702239613220736,225.414306334035,315.324035521304,1214.42132739399
196.202567587387,20.3939566024123,2.22403604231282,0.224438425518387,20.3939566024123,2.22403604231282,0.224438425518387,196.202567587387,196.202567587387,196.202567587387
213.531810901657,45.1714276685257,6.96597837379133,0.702960432953376,45.1714276685257,6.96597837379133,0.702960432953376,224.692765781659,314.602494968927,1213.69978684161
156.869423547137,16.0255305839053,3.00697138868127,1.5743087511557,16.0255305839053,3.00697138868127,1.5743087511557,156.869423547137,156.869423547137,156.869423547137
232.561387500597,45.8210248925528,6.77756672429689,0.683949866920472,46.7153321091202,6.77756672429689,0.683949866920472,243.7223423806,333.632071567869,1232.72936344055
92.5040719078191,18.8572349064239,7.98836178398551,6.78782491132461,18.8572349064239,7.98836178398551,6.78782491132461,92.5040719078191,92.5040719078191,92.5040719078191
92.5040719078191,18.8572349064239,7.98836178398551,6.78782491132461,18.8572349064239,7.98836178398551,6.78782491132461,92.5040719078191,92.5040719078191,92.5040719078191
92.5040719078191,18.8572349064239,7.98836178398551,6.78782491132461,18.8572349064239,7.98836178398551,6.78782491132461,92.5040719078191,92.5040719078191,92.5040719078191
92.5040719078191,18.8572349064239,7.98836178398551,6.78782491132461,18.8572349064239,7.98836178398551,6.78782491132461,92.5040719078191,92.5040719078191,92.5040719078191
92.0895643929713,18.7663258155149,7.97846079388651,6.78682591032561,18.7663258155149,7.97846079388651,6.78682591032561,92.0895643929713,92.0895643929713,92.0895643929713
128.819786767625,13.081155651423,2.31838832659052,1.13216483660879,13.081155651423,2.31838832659052,1.13216483660879,128.819786767625,128.819786767625,128.819786767625
160.021207267775,31.9935286244056,15.0738903734941,8.84275892107905,31.9935286244056,15.0738903734941,8.84275892107905,160.021207267775,160.021207267775,160.021207267775
98.3071771156942,21.1899933014234,9.13496971634714,7.80263511412548,21.1899933014234,9.13496971634714,7.80263511412548,98.3071771156942,98.3071771156942,98.3071771156942
160.367189244501,31.7365278051654,15.04590018526,8.84199936879051,31.7365278051654,15.04590018526,8.84199936879051,160.367189244501,160.367189244501,160.367189244501
197.029576599028,20.3945315407479,2.22555468731501,0.224609249674605,20.3945315407479,2.22555468731501,0.224609249674605,197.029576599028,197.029576599028,197.029576599028
121.097099128091,17.5020637290484,3.69684654399313,2.1695310257131,17.5020637290484,3.69684654399313,2.1695310257131,121.097099128091,121.097099128091,121.097099128091
211.590964099531,43.2379790283858,7.1243942153756,0.718944448937406,45.4173883275597,7.1243942153756,0.718944448937406,232.751918979588,412.661648167329,2211.75894004474
193.683594622301,19.7890458730228,2.15815467574565,0.217791054865755,19.7890458730228,2.15815467574565,0.217791054865755,193.683594622301,193.683594622301,193.683594622301
191.156252325987,48.6241774551991,16.1553652208177,9.7139780082239,48.6241774551991,16.1553652208177,9.7139780082239,191.156252325987,191.156252325987,191.156252325987
225.704801890023,45.0274743533345,6.84545371054019,0.690799602795168,45.0274743533345,6.84545371054019,0.690799602795168,236.865756770025,326.775485957293,1225.87277782998
213.531810901657,45.1714276685257,6.96597837379133,0.702960432953376,45.1714276685257,6.96597837379133,0.702960432953376,224.692765781659,314.602494968927,1213.69978684161
120.578126163006,17.9777523706144,3.74659611575102,2.17452584323478,17.9777523706144,3.74659611575102,2.17452584323478,120.578126163006,120.578126163006,120.578126163006
101.208729719632,22.9863783438539,12.2519141145352,10.8145093073753,22.9863783438539,12.2519141145352,10.8145093073753,101.208729719632,101.208729719632,101.208729719632
67.4218495023425,8.2974165875091,0.903679034283166,0.0911804020605407,8.2974165875091,0.903679034283166,0.0911804020605407,67.4218495023425,67.4218495023425,67.4218495023425
121.097099128091,17.5020637290484,3.69684654399313,2.1695310257131,17.5020637290484,3.69684654399313,2.1695310257131,121.097099128091,121.097099128091,121.097099128091
121.683594622267,17.3735633194298,3.68285144987626,2.16811893329971,17.3735633194298,3.68285144987626,2.16811893329971,121.683594622267,121.683594622267,121.683594622267
122.097099128091,17.3046459017925,3.67474351838952,2.16729357500465,17.3046459017925,3.67474351838952,2.16729357500465,122.097099128091,122.097099128091,122.097099128091
117.856585610632,21.2005723310656,7.50986046151211,5.99512794493556,21.2005723310656,7.50986046151211,5.99512794493556,117.856585610632,117.856585610632,117.856585610632
73.8094441863037,7.11849315696404,0.777339535012705,0.0784577297149147,7.11849315696404,0.777339535012705,0.0784577297149147,73.8094441863037,73.8094441863037,73.8094441863037
20.9580420337325,1.90527654852114,0.207505366670618,0.0209371049288034,1.90527654852114,0.207505366670618,0.0209371049288034,20.9580420337325,20.9580420337325,20.9580420337325
67.7618134249098,8.00896286129462,0.872263281923173,0.088010580893348,8.00896286129462,0.872263281923173,0.088010580893348,67.7618134249098,67.7618134249098,67.7618134249098
206.380027181013,42.7642574903381,7.29062256271703,0.735716739728101,44.943666789512,7.29062256271703,0.735716739728101,227.540982061063,407.450711248753,2206.54800312564
129.669696574004,13.2873256795673,2.43786874767076,1.14422030367083,13.2873256795673,2.43786874767076,1.14422030367083,129.669696574004,129.669696574004,129.669696574004
129.669696574004,13.2873256795673,2.43786874767076,1.14422030367083,13.2873256795673,2.43786874767076,1.14422030367083,129.669696574004,129.669696574004,129.669696574004
129.669696574004,13.2873256795673,2.43786874767076,1.14422030367083,13.2873256795673,2.43786874767076,1.14422030367083,129.669696574004,129.669696574004,129.669696574004
131.232144186291,21.7545562388692,7.72016711202586,6.1682695318478,21.7545562388692,7.72016711202586,6.1682695318478,131.232144186291,131.232144186291,131.232144186291
205.396765843458,44.5204317703411,7.04652337436757,0.711087351093436,44.5204317703411,7.04652337436757,0.711087351093436,217.384729735143,307.294458922832,1206.39175079972
74.0003209243129,8.09282171407848,0.881396424305573,0.0889321067481164,8.09282171407848,0.881396424305573,0.0889321067481164,74.0003209243129,74.0003209243129,74.0003209243129
64.010351014579,8.09373354046745,0.881495732130115,0.0889421268183248,8.09373354046745,0.881495732130115,0.0889421268183248,64.010351014579,64.010351014579,64.010351014579
68.3254081243122,7.56418003087082,0.825879689596621,0.0833553876699349,7.56418003087082,0.825879689596621,0.0833553876699349,68.3254081243122,68.3254081243122,68.3254081243122
225.050783866741,44.7018852216032,6.85192913651329,0.691452967453792,44.7018852216032,6.85192913651329,0.691452967453792,236.211738746743,326.121467934011,1225.21875980669
110.578126163001,19.0691095918119,3.86751490528421,2.18675130991929,19.0691095918119,3.86751490528421,2.18675130991929,110.578126163001,110.578126163001,110.578126163001
251.734378488971,48.6794340904627,7.59155482076044,1.66478920319016,48.6794340904627,7.59155482076044,1.66478920319016,262.895333368972,352.805062556241,1251.90235442892
230.17745959372,44.9276604369487,6.93218129947634,0.699550338541974,46.9838989447672,6.93218129947634,0.699550338541974,250.177459593727,341.787008393731,1240.88430026641
39.1636186481242,3.56032896801129,0.387758600476476,0.039124494153969,3.56032896801129,0.387758600476476,0.039124494153969,39.1636186481242,39.1636186481242,39.1636186481242
78.2408344417674,12.5351423577002,4.40900831453498,3.51397481459829,12.5351423577002,4.40900831453498,3.51397481459829,78.2408344417674,78.2408344417674,78.2408344417674
81.2378254146857,8.51573189637176,0.927455949109791,0.0935794713887015,8.51573189637176,0.927455949109791,0.0935794713887015,81.2378254146857,81.2378254146857,81.2378254146857
82.8213118817892,8.73505021426209,0.951342102543393,0.0959895627940899,8.73505021426209,0.951342102543393,0.0959895627940899,82.8213118817892,82.8213118817892,82.8213118817892
229.523441570437,44.868204253014,6.90590389330523,0.696898971885349,46.9244427608323,6.90590389330523,0.696898971885349,248.295798757419,338.205527944687,1237.30281981737
82.6513299205106,8.56886730329244,0.933242973625906,0.0941633769592587,8.56886730329244,0.933242973625906,0.0941633769592587,82.6513299205106,82.6513299205106,82.6513299205106
229.17745959372,44.8367513460395,6.94208228957536,0.700549339540977,46.892989853858,6.94208228957536,0.700549339540977,249.177459593726,341.372500878882,1240.46979275156
232.35045058208,45.1252050722542,6.89429012114325,0.695727152716158,47.1814435800725,6.89429012114325,0.695727152716158,251.122807769061,341.03253695633,1240.12982882901
232.763955087897,45.1627963909649,6.89838422516124,0.696140244130561,47.2190348987832,6.89838422516124,0.696140244130561,252.121804760031,342.031533947299,1241.12882581998
232.936946076262,45.1785228444527,6.88029502702625,0.694315060302754,47.234761352271,6.88029502702625,0.694315060302754,250.538318292939,340.448047480208,1239.54533935289
249.177459593726,47.6711077479969,7.75848301036143,1.68114740056878,49.6146448282757,7.75848301036143,1.68114740056878,260.33841447373,350.248143660998,1249.34543553368
235.071991134463,45.3726178497433,6.94103804740448,0.700443976444812,47.4288563575619,6.94103804740448,0.700443976444812,255.071991134469,349.609002360234,1248.70629423292
245.763955087901,46.3446145727836,6.78126526447114,0.684323046298692,48.3413782426219,6.78126526447114,0.684323046298692,257.510402453057,347.420131640326,1246.51742351301
235.312504651922,45.3944827149667,6.96322134955754,0.702682251687029,47.4507212227855,6.96322134955754,0.702682251687029,255.312504651934,352.191485818302,1251.28877769098
236.485495640281,45.5011182593631,6.93523116132345,0.699858066860213,47.5573567671817,6.93523116132345,0.699858066860213,256.485495640287,351.022506866053,1250.11979873873
258.531810901679,46.6385045556198,6.54260719070647,0.660242661233523,46.6385045556198,6.54260719070647,0.660242661233523,268.531810901683,358.531810901684,1258.53181090168
238.688063227582,45.7013516763899,7.04443489002575,0.710876624901104,47.8807609755639,7.04443489002575,0.710876624901104,272.330045142558,464.249130768687,2262.44371451826
